Designer,Category,Age,2004,2005,2006,2007,2008,2009,2010,2011,2012,2013,2014,2015,2016,2017,2018,2019,2020,2021,2022
blumarine,Contemporary,19,1,1,1,1,1,1,1,1,1,0,0,0,0,0,0,0,0,0,0
michael kors,Contemporary,19,1,1,1,1,1,1,1,1,1,1,1,1,0,0,0,0,0,0,0
moschino cheap & chic,Contemporary,19,1,1,1,1,1,1,0,1,0,0,0,0,0,0,0,0,0,0,0
piazza sempione,Contemporary,19,1,1,1,1,1,1,1,1,1,1,1,1,1,1,1,1,1,1,1
tse cashmere,Contemporary,19,1,1,1,0,0,0,0,1,0,0,0,0,0,0,0,0,0,0,1
yigal azrouel,Contemporary,19,1,1,0,0,0,0,0,0,1,0,0,0,0,0,0,0,0,0,0
yves saint laurent rive gauche,Contemporary,19,1,0,0,0,0,0,0,0,0,0,0,0,0,0,0,0,0,0,0
eileen fisher,Contemporary,19,1,1,1,1,1,1,1,1,1,1,1,1,1,1,1,1,1,1,1
wolford,Contemporary,19,1,1,1,1,1,1,1,1,1,1,1,1,1,1,1,1,1,1,1
diane vonfurstenberg,Contemporary,19,1,1,1,1,0,0,0,0,0,0,0,0,0,0,0,0,0,0,0
anna sui,Contemporary,19,1,1,1,0,0,0,0,0,0,0,0,0,0,0,0,0,0,1,1
dolce & gabbana,Contemporary,19,1,1,1,1,1,1,1,1,1,1,1,1,1,1,1,1,1,0,0
elie tahari,Contemporary,19,1,1,1,1,1,1,1,1,1,1,1,1,1,1,1,1,1,1,0
just cavalli,Contemporary,19,1,1,1,1,1,1,1,1,1,1,1,1,1,1,0,0,0,1,1
milly,Contemporary,19,1,1,1,1,1,1,1,1,1,1,1,1,1,1,1,1,1,1,1
moschino jeans,Contemporary,19,1,1,0,0,0,0,0,0,0,0,0,0,0,0,0,0,0,0,0
theory,Contemporary,19,1,1,1,1,1,1,1,1,1,1,1,1,1,1,1,1,1,1,1
vince,Contemporary,19,1,1,1,1,1,1,1,1,1,1,1,1,1,1,1,1,1,1,1
isabella fiore,Contemporary,19,1,1,1,1,1,0,1,0,0,0,0,0,0,0,0,0,0,0,0
kate spade,Contemporary,19,1,1,1,1,1,1,1,0,0,0,0,0,0,0,0,0,0,0,0
luella,Contemporary,19,1,1,1,0,0,0,0,0,0,0,0,0,0,0,0,0,0,0,0
lulu guinness,Contemporary,19,1,1,1,0,0,0,0,0,0,0,0,0,0,0,0,0,0,0,0
paul smith,Contemporary,19,1,1,0,0,0,0,0,0,0,0,0,0,0,0,0,0,0,0,0
tod's for ferrari,Contemporary,19,1,0,0,0,0,0,0,0,0,0,0,0,0,0,0,0,0,0,0
g-series,Contemporary,19,1,1,1,0,0,0,0,0,0,0,0,0,0,0,0,0,0,0,0
stuart weitzman,Contemporary,19,1,1,1,1,1,1,1,1,1,1,1,1,1,1,1,1,1,1,1
stubbs & wootton,Contemporary,19,1,0,0,0,0,0,0,0,0,0,0,0,0,0,0,0,0,0,0
alberta ferretti,Luxury,19,1,1,1,0,1,1,1,0,1,0,0,0,0,0,0,0,0,0,1
armani collezioni,Luxury,19,1,1,1,1,1,1,1,1,1,1,1,1,1,1,0,0,0,0,0
burberry,Luxury,19,1,1,1,1,1,1,1,1,1,1,1,1,1,1,1,1,1,1,1
chloe,Luxury,19,1,1,1,1,1,1,1,1,1,1,1,1,1,1,1,1,1,1,1
dolce & gabbana,Luxury,19,1,1,1,1,1,1,1,1,1,1,1,1,1,1,1,1,1,0,0
etro,Luxury,19,1,1,1,1,1,1,1,1,1,1,1,1,1,1,1,1,1,1,1
jean paul gaultier,Luxury,19,1,1,1,1,1,1,1,1,1,1,1,1,1,1,0,0,0,0,0
valentino,Luxury,19,1,1,1,1,1,1,1,1,1,1,1,1,1,1,1,1,1,1,1
bottega veneta,Luxury,19,1,1,1,1,1,1,1,1,1,1,1,1,1,1,1,1,1,1,1
emilio pucci,Luxury,19,1,1,1,1,1,1,1,1,1,1,1,1,1,1,1,1,1,0,0
fendi,Luxury,19,1,1,1,1,1,1,1,1,1,1,1,1,1,1,1,1,1,1,1
gucci,Luxury,19,1,1,1,1,1,1,1,1,1,1,1,1,1,1,1,1,1,0,0
prada,Luxury,19,1,1,1,1,1,1,1,1,1,1,1,1,1,1,1,1,1,1,1
salvatore ferragamo,Luxury,19,1,1,1,1,1,1,1,1,1,1,1,1,1,1,1,1,1,1,1
tod's,Luxury,19,1,1,1,1,1,1,1,0,0,0,0,0,0,0,0,0,0,0,0
christian lacroix,Luxury,19,1,1,1,0,1,0,0,0,0,0,0,0,0,0,0,0,0,0,0
christian louboutin,Luxury,19,1,1,1,1,1,1,1,1,1,1,1,1,1,1,1,1,1,1,1
manolo blahnik,Luxury,19,1,1,1,1,1,1,1,1,1,1,1,1,1,1,1,1,1,1,1
christian dior,Luxury,19,1,0,0,0,0,1,0,0,0,0,0,0,0,0,0,0,0,0,0
donna karan collection,Premium,19,1,1,1,1,1,1,0,0,0,0,0,0,0,0,0,0,0,0,0
eskandar,Premium,19,1,1,1,1,1,1,1,1,1,1,1,1,1,0,0,1,1,1,1
marc jacobs,Premium,19,1,0,1,1,1,1,1,1,1,1,1,1,1,1,1,1,1,1,1
narciso rodriguez,Premium,19,1,1,1,1,1,1,1,1,1,1,1,1,1,1,1,0,0,0,0
roberto cavalli,Premium,19,1,1,1,1,1,1,1,1,1,1,1,1,1,1,1,0,0,0,1
valentino roma,Premium,19,1,1,1,1,1,0,0,0,0,0,0,0,0,0,0,0,0,0,0
zac posen,Premium,19,1,1,1,1,1,1,1,1,1,1,1,1,1,1,1,1,1,0,0
ferragamo,Premium,19,1,1,1,1,1,1,1,1,1,1,1,1,1,1,1,1,0,0,0
judith leiber,Premium,19,1,1,1,0,0,1,1,1,1,1,1,0,0,0,0,0,0,0,0
lambertson truex,Premium,19,1,1,1,1,0,0,0,0,0,0,0,0,0,0,0,0,0,0,0
miu miu,Premium,19,1,1,1,1,1,1,1,1,1,1,1,1,1,1,1,1,1,0,1
giuseppe zanotti,Premium,19,1,1,1,1,1,1,1,1,1,1,1,1,1,1,1,1,1,1,1
robert clergerie,Premium,19,1,1,1,1,1,1,1,1,1,1,1,0,0,0,0,0,0,0,0
marc jacobs,Premium,19,1,0,1,1,1,1,1,1,1,1,1,1,1,1,1,1,1,1,1
easton pearson,Contemporary,18,0,1,1,0,0,0,0,0,0,0,0,0,0,0,0,0,0,0,0
st. john,Contemporary,18,0,1,1,1,1,1,1,1,1,1,1,1,1,1,1,1,1,0,0
strenesse gabriele strehle,Contemporary,18,0,1,1,0,0,0,0,0,0,0,0,0,0,0,0,0,0,0,0
y-3 yohji yamamoto,Contemporary,18,0,1,0,0,0,0,0,0,0,0,0,0,0,0,0,0,0,0,0
alice + olivia,Contemporary,18,0,1,1,1,1,1,1,1,1,1,1,1,1,1,1,1,1,1,1
armani jeans,Contemporary,18,0,1,1,0,0,0,0,0,0,0,0,0,0,0,0,0,0,0,0
class roberto cavalli,Contemporary,18,0,1,1,0,0,0,0,0,0,0,0,0,0,0,0,0,0,0,0
robert rodriguez,Contemporary,18,0,1,1,1,1,1,1,1,1,1,1,0,0,1,1,0,0,0,0
tory by trb,Contemporary,18,0,1,0,0,0,0,0,0,0,0,0,0,0,0,0,0,0,0,0
tracy reese,Contemporary,18,0,1,1,1,1,1,0,1,1,1,1,1,0,0,0,0,0,0,0
m missoni,Contemporary,18,0,1,1,1,1,1,1,1,1,1,1,1,1,1,1,1,1,0,0
nicole miller,Contemporary,18,0,1,1,1,1,1,1,1,1,1,1,1,0,0,0,0,0,1,1
shoshanna,Contemporary,18,0,1,1,1,1,1,1,1,1,1,1,1,1,1,1,1,1,1,1
vera wang,Contemporary,18,0,1,1,1,1,1,1,1,1,1,0,0,0,0,0,0,0,0,0
la perla,Contemporary,18,0,1,1,1,1,1,1,1,1,1,1,1,1,1,1,1,1,1,1
vix,Contemporary,18,0,1,0,0,1,1,1,0,1,1,1,1,1,1,1,1,1,0,1
furla,Contemporary,18,0,1,1,1,0,0,0,0,0,0,0,0,0,0,0,0,0,0,0
rafe,Contemporary,18,0,1,1,1,0,0,0,0,0,1,1,1,0,1,0,1,1,0,1
dior,Luxury,18,0,1,1,1,1,1,1,1,1,0,0,0,0,0,0,1,0,0,0
celine,Luxury,18,0,1,1,1,0,0,0,0,0,0,0,0,0,0,0,0,0,0,0
missoni,Luxury,18,0,1,1,1,1,1,1,1,1,1,1,1,1,1,1,1,1,1,1
moschino,Luxury,18,0,1,1,0,0,0,1,0,0,0,0,1,1,1,0,0,0,0,0
oscar de la renta,Luxury,18,0,1,1,1,1,1,1,1,1,1,1,1,1,1,1,1,1,1,1
yves saint laurent,Luxury,18,0,1,1,1,1,1,1,1,1,1,1,0,0,0,0,0,0,0,0
derek lam,Premium,18,0,1,1,1,1,1,1,1,1,1,1,1,1,1,1,1,1,0,0
prada sport,Premium,18,0,1,0,0,0,0,0,0,0,0,0,0,0,0,0,0,0,0,0
philosophy di alberta ferretti,Premium,18,0,1,1,0,1,1,1,1,1,0,0,0,0,0,0,0,0,0,0
nancy gonzalez,Premium,18,0,1,1,1,1,1,1,1,1,1,1,1,1,1,1,1,1,0,1
rene caovilla,Premium,18,0,1,1,0,0,0,1,1,1,1,1,1,1,1,1,1,1,1,1
agnona,Contemporary,17,0,0,1,0,0,0,0,0,1,0,0,0,1,1,1,1,1,1,1
dsquared2,Contemporary,17,0,0,1,0,0,0,0,1,1,1,0,0,0,0,0,0,0,0,1
jill stuart,Contemporary,17,0,0,1,0,0,0,0,0,0,0,0,0,0,0,0,0,0,0,0
karl lagerfeld,Contemporary,17,0,0,1,0,0,0,0,0,0,0,0,0,0,0,0,0,0,0,0
marc by marc jacobs,Contemporary,17,0,0,1,1,1,1,1,1,1,1,1,1,0,0,0,0,0,0,0
norma kamali,Contemporary,17,0,0,1,0,0,0,0,0,1,1,1,1,1,1,1,1,1,1,1
rebecca taylor,Contemporary,17,0,0,1,1,1,1,1,1,1,1,1,1,1,1,1,1,1,1,1
see by chloe,Contemporary,17,0,0,1,1,1,1,1,1,1,1,1,1,1,1,1,1,1,1,1
tory burch,Contemporary,17,0,0,1,1,1,1,1,1,1,1,1,1,1,1,1,1,1,1,1
valentino red,Contemporary,17,0,0,1,1,1,0,0,0,0,0,0,0,0,0,0,0,0,0,0
lafayette 148 new york,Contemporary,17,0,0,1,1,1,1,1,1,1,1,1,1,1,1,1,1,1,1,1
komarov,Contemporary,17,0,0,1,1,0,0,0,0,0,0,0,0,0,0,0,0,0,0,0
ghurka,Contemporary,17,0,0,1,0,0,0,0,0,0,0,0,0,0,0,0,0,0,0,0
loeffler randall,Contemporary,17,0,0,1,1,1,1,1,1,1,1,1,1,1,1,1,1,1,0,0
sigerson morrison,Contemporary,17,0,0,1,0,1,1,1,0,0,0,0,0,0,0,0,0,1,0,0
alexander mcqueen,Luxury,17,0,0,1,1,1,1,1,1,1,1,1,1,1,1,1,1,1,1,1
giorgio armani,Luxury,17,0,0,1,1,1,1,1,1,1,1,1,1,1,1,1,1,1,1,1
loro piana,Luxury,17,0,0,1,1,1,1,1,1,1,1,1,1,1,1,1,1,1,1,1
versace,Luxury,17,0,0,1,1,1,1,1,1,1,1,1,1,1,1,1,1,1,1,1
calvin klein collection,Premium,17,0,0,1,0,0,0,0,0,0,0,0,0,0,0,0,0,0,0,0
escada,Premium,17,0,0,1,1,1,1,1,1,1,1,1,1,1,1,1,1,1,1,0
prada linea rossa,Premium,17,0,0,1,0,0,0,0,0,0,0,0,0,0,0,0,0,0,0,0
stella mccartney,Premium,17,0,0,1,1,1,1,1,1,1,1,1,1,1,1,1,1,1,1,1
temperley london,Premium,17,0,0,1,1,1,1,1,1,0,0,0,0,0,0,0,0,0,0,0
marchesa,Premium,17,0,0,1,0,0,1,1,0,0,1,1,1,1,1,1,1,1,1,1
barbara bui,Premium,17,0,0,1,1,1,0,0,0,0,0,0,0,0,0,0,0,0,0,0
andrew gn,Premium,17,0,0,1,0,1,1,1,1,0,0,0,0,0,0,0,0,1,1,1
brian atwood,Premium,17,0,0,1,1,0,0,1,1,1,1,1,0,0,0,0,0,0,0,0
akris punto,Contemporary,16,0,0,0,1,1,1,1,1,1,1,1,1,1,1,1,1,1,1,1
3.1 phillip lim,Contemporary,16,0,0,0,1,1,1,1,1,1,1,1,1,1,1,1,1,1,1,1
lela rose,Contemporary,16,0,0,0,1,1,1,1,1,1,1,1,1,1,1,1,1,1,1,1
vivienne tam,Contemporary,16,0,0,0,1,0,0,0,0,0,0,0,0,0,0,0,0,0,0,0
j brand jeans,Contemporary,16,0,0,0,1,1,1,1,1,1,1,1,0,0,0,0,0,0,0,0
rich and skinny,Contemporary,16,0,0,0,1,1,0,0,0,1,1,0,0,0,0,0,0,0,0,0
neiman marcus,Contemporary,16,0,0,0,1,1,1,1,1,1,1,1,1,1,1,1,1,1,1,1
bogner,Contemporary,16,0,0,0,1,0,0,0,1,0,0,0,1,0,1,1,1,1,1,1
post card,Contemporary,16,0,0,0,1,0,0,0,0,0,0,0,0,0,1,0,0,0,0,1
hogan,Contemporary,16,0,0,0,1,1,0,0,0,0,0,0,0,0,0,0,0,0,0,0
carolina herrera,Luxury,16,0,0,0,1,1,1,1,1,1,1,1,1,1,1,1,1,1,1,1
ralph lauren collection,Luxury,16,0,0,0,1,0,0,0,0,0,0,0,0,0,0,0,0,0,1,0
jimmy choo,Luxury,16,0,0,0,1,1,1,1,1,1,1,1,1,1,1,1,1,1,1,1
akris,Premium,16,0,0,0,1,1,1,1,1,1,1,1,1,1,1,1,1,1,1,1
proenza schouler,Premium,16,0,0,0,1,1,1,1,1,1,1,1,1,1,1,1,1,1,1,1
doo. ri,Contemporary,15,0,0,0,0,1,0,0,0,0,0,0,0,0,0,0,0,0,0,0
thakoon,Contemporary,15,0,0,0,0,1,0,1,1,1,1,0,0,0,0,0,0,0,0,0
black halo,Contemporary,15,0,0,0,0,1,1,1,0,1,1,1,1,1,1,1,1,1,1,1
diane von furstenberg,Contemporary,15,0,0,0,0,1,1,1,1,1,1,1,1,1,1,1,1,1,1,1
elizabeth and james,Contemporary,15,0,0,0,0,1,1,1,1,1,1,1,1,1,1,1,1,0,0,0
rag & bone,Contemporary,15,0,0,0,0,1,1,0,1,1,1,1,1,1,1,1,1,1,1,1
johnny was,Contemporary,15,0,0,0,0,1,1,1,1,1,1,1,1,1,1,1,1,1,1,1
magaschoni,Contemporary,15,0,0,0,0,1,1,1,1,1,1,1,1,1,0,0,0,0,0,0
xcvi,Contemporary,15,0,0,0,0,1,1,1,1,1,1,1,1,1,1,1,1,1,1,1
issa london,Contemporary,15,0,0,0,0,1,1,0,1,1,0,0,0,0,0,0,0,0,0,0
jay godfrey,Contemporary,15,0,0,0,0,1,1,1,1,1,0,0,0,0,1,0,1,1,1,0
rickie freeman for teri jon,Contemporary,15,0,0,0,0,1,0,1,1,1,1,1,1,1,1,1,1,1,1,1
donna karan,Contemporary,15,0,0,0,0,1,1,1,1,1,1,1,1,0,0,0,0,0,0,1
badgley mischka,Contemporary,15,0,0,0,0,1,1,0,1,1,1,1,1,1,1,1,1,1,1,1
pedro garcia,Contemporary,15,0,0,0,0,1,1,1,1,1,1,1,1,1,1,1,1,1,1,1
nina ricci,Luxury,15,0,0,0,0,1,1,1,1,1,1,1,1,1,0,0,0,1,1,1
what comes around goes around,Luxury,15,0,0,0,0,1,1,0,0,0,0,0,0,0,0,0,0,0,0,0
pringle of scotland,Premium,15,0,0,0,0,1,1,0,1,0,0,0,0,0,0,0,0,0,0,0
halston,Contemporary,14,0,0,0,0,0,1,0,0,0,0,0,0,0,0,0,0,1,1,1
red valentino,Contemporary,14,0,0,0,0,0,1,1,1,1,1,1,1,1,0,0,0,0,0,0
ports 1961,Contemporary,14,0,0,0,0,0,1,0,0,0,0,0,0,0,0,0,0,0,0,0
melissa odabash,Contemporary,14,0,0,0,0,0,1,0,0,0,0,0,0,0,0,1,1,1,1,1
current/elliott,Contemporary,14,0,0,0,0,0,1,1,1,1,1,1,1,1,1,1,1,1,1,0
hudson,Contemporary,14,0,0,0,0,0,1,1,1,1,1,1,1,1,1,1,1,1,1,1
jil sander,Premium,14,0,0,0,0,0,1,1,1,1,1,1,1,1,1,1,0,0,1,1
sergio rossi,Premium,14,0,0,0,0,0,1,1,1,1,1,1,0,0,0,0,0,1,0,0
rachel roy new york,Contemporary,13,0,0,0,0,0,0,1,0,0,0,0,0,0,0,0,0,0,0,0
richard chai,Contemporary,13,0,0,0,0,0,0,1,0,0,0,0,0,0,0,0,0,0,0,0
halston heritage,Contemporary,13,0,0,0,0,0,0,1,1,1,1,1,1,1,1,1,1,0,0,0
helmut lang,Contemporary,13,0,0,0,0,0,0,1,1,1,1,1,1,1,1,1,1,1,1,1
herve leger,Contemporary,13,0,0,0,0,0,0,1,1,1,1,1,1,1,1,1,1,1,1,1
mcq by alexander mcqueen,Contemporary,13,0,0,0,0,0,0,1,0,0,0,0,0,0,0,0,0,0,0,0
pringle 1815,Contemporary,13,0,0,0,0,0,0,1,0,0,0,0,0,0,0,0,0,0,0,0
tibi,Contemporary,13,0,0,0,0,0,0,1,1,1,1,1,1,1,1,1,1,1,1,1
not your daughter's jeans,Contemporary,13,0,0,0,0,0,0,1,1,1,0,0,0,0,0,0,0,0,0,0
tadashi shoji,Contemporary,13,0,0,0,0,0,0,1,1,1,1,1,1,1,1,1,1,1,0,1
zimmermann,Contemporary,13,0,0,0,0,0,0,1,0,1,0,1,1,1,1,1,1,1,1,1
adidas by stella mccartney,Contemporary,13,0,0,0,0,0,0,1,1,1,0,0,0,1,1,1,1,1,1,1
parker,Contemporary,13,0,0,0,0,0,0,1,1,1,1,1,1,1,1,1,1,1,1,0
mackage,Contemporary,13,0,0,0,0,0,0,1,1,0,0,0,0,0,0,1,1,1,1,1
jack rogers,Contemporary,13,0,0,0,0,0,0,1,0,1,0,0,1,1,1,1,1,1,0,0
rebecca minkoff,Contemporary,13,0,0,0,0,0,0,1,0,1,1,1,1,1,1,1,1,1,0,1
brunello cucinelli,Luxury,13,0,0,0,0,0,0,1,1,1,1,1,1,1,1,1,1,1,1,1
what goes around comes around,Luxury,13,0,0,0,0,0,0,1,1,1,0,0,0,0,0,0,0,0,0,0
moncler,Luxury,13,0,0,0,0,0,0,1,1,1,1,1,1,1,1,1,1,1,1,1
erdem,Premium,13,0,0,0,0,0,0,1,1,1,1,1,1,1,1,1,1,1,1,1
jason wu,Premium,13,0,0,0,0,0,0,1,1,1,1,1,1,1,1,1,0,0,1,1
liberty of london,Premium,13,0,0,0,0,0,0,1,0,0,0,0,0,0,0,0,0,0,0,0
alexander wang,Contemporary,12,0,0,0,0,0,0,0,1,1,1,1,1,1,1,1,1,1,0,0
elie saab,Contemporary,12,0,0,0,0,0,0,0,1,1,1,1,1,1,1,1,0,0,0,1
monique lhuillier,Contemporary,12,0,0,0,0,0,0,0,1,1,1,1,1,1,1,1,1,1,1,1
pamella roland,Contemporary,12,0,0,0,0,0,0,0,1,1,1,1,1,1,1,1,1,1,1,1
bailey 44,Contemporary,12,0,0,0,0,0,0,0,1,1,1,1,1,1,1,1,1,1,1,1
equipment,Contemporary,12,0,0,0,0,0,0,0,1,1,1,1,1,1,1,1,1,1,1,1
mcq alexander mcqueen,Contemporary,12,0,0,0,0,0,0,0,1,1,1,1,1,1,1,1,1,1,0,0
michael michael kors,Contemporary,12,0,0,0,0,0,0,0,1,1,1,1,1,1,1,1,1,1,1,1
rachel zoe,Contemporary,12,0,0,0,0,0,0,0,1,1,1,1,1,1,1,1,1,0,0,0
smythe,Contemporary,12,0,0,0,0,0,0,0,1,1,1,0,1,1,1,1,1,1,1,1
t by alexander wang,Contemporary,12,0,0,0,0,0,0,0,1,1,1,1,1,1,1,1,0,0,0,0
thakoon addition,Contemporary,12,0,0,0,0,0,0,0,1,1,0,1,1,1,0,0,0,0,0,0
theyskens' theory,Contemporary,12,0,0,0,0,0,0,0,1,1,1,1,0,0,0,0,0,0,0,0
ml monique lhuillier,Contemporary,12,0,0,0,0,0,0,0,1,1,1,1,1,1,0,1,1,1,1,1
theia,Contemporary,12,0,0,0,0,0,0,0,1,1,1,1,1,1,1,1,1,1,1,1
cinzia rocca,Contemporary,12,0,0,0,0,0,0,0,1,0,0,0,0,0,0,0,0,0,0,0
hunter,Contemporary,12,0,0,0,0,0,0,0,1,0,0,0,0,0,1,1,1,1,1,0
nicholas kirkwood,Contemporary,12,0,0,0,0,0,0,0,1,1,1,1,1,0,0,0,0,0,0,0
mother denim,Contemporary,12,0,0,0,0,0,0,0,1,1,1,0,0,0,1,0,0,0,0,0
rag & bone/jean,Contemporary,12,0,0,0,0,0,0,0,1,1,1,1,0,1,1,0,0,0,0,0
hunter boot,Contemporary,12,0,0,0,0,0,0,0,1,1,1,1,1,1,0,0,0,0,0,0
kotur,Contemporary,12,0,0,0,0,0,0,0,1,1,1,1,1,0,0,0,0,0,0,0
giambattista valli,Luxury,12,0,0,0,0,0,0,0,1,1,1,0,0,0,0,0,1,1,1,1
j. mendel,Luxury,12,0,0,0,0,0,0,0,1,1,1,1,1,1,0,0,0,0,0,0
lanvin,Luxury,12,0,0,0,0,0,0,0,1,1,1,1,1,1,1,0,0,0,0,0
maison martin margiela,Luxury,12,0,0,0,0,0,0,0,1,1,1,1,0,0,0,0,0,0,0,0
marchesa couture,Luxury,12,0,0,0,0,0,0,0,1,1,0,0,0,0,0,0,0,0,0,0
balmain,Luxury,12,0,0,0,0,0,0,0,1,1,0,1,1,1,1,1,1,1,1,1
mary katrantzou,Premium,12,0,0,0,0,0,0,0,1,1,1,1,1,1,1,0,0,0,0,0
mugler,Premium,12,0,0,0,0,0,0,0,1,1,0,0,1,1,0,0,0,0,0,0
naeem khan,Premium,12,0,0,0,0,0,0,0,1,1,1,1,0,1,1,1,1,1,1,1
rick owens,Premium,12,0,0,0,0,0,0,0,1,1,1,1,1,0,0,0,0,0,0,0
rochas,Premium,12,0,0,0,0,0,0,0,1,1,0,0,0,0,0,0,0,0,0,0
roland mouret,Premium,12,0,0,0,0,0,0,0,1,1,1,1,1,1,1,1,1,1,1,1
sofia cashmere,Premium,12,0,0,0,0,0,0,0,1,0,0,0,0,1,1,1,1,1,1,1
charlotte olympia,Premium,12,0,0,0,0,0,0,0,1,1,1,1,1,1,0,0,0,0,0,0
alexandre birman,Premium,12,0,0,0,0,0,0,0,1,1,1,1,1,1,1,0,1,1,1,1
casadei,Premium,12,0,0,0,0,0,0,0,1,1,1,1,0,0,0,0,0,0,0,0
reed krakoff,Contemporary,11,0,0,0,0,0,0,0,0,1,1,1,0,0,0,0,0,0,0,0
10 crosby derek lam,Contemporary,11,0,0,0,0,0,0,0,0,1,1,1,0,0,0,0,0,0,0,0
amanda uprichard,Contemporary,11,0,0,0,0,0,0,0,0,1,1,1,1,1,1,1,1,1,0,0
camilla,Contemporary,11,0,0,0,0,0,0,0,0,1,0,1,1,1,1,1,1,1,1,1
mara hoffman,Contemporary,11,0,0,0,0,0,0,0,0,1,1,1,1,1,1,1,1,1,1,1
ramy brook,Contemporary,11,0,0,0,0,0,0,0,0,1,1,1,1,1,1,1,1,1,1,1
splits59,Contemporary,11,0,0,0,0,0,0,0,0,1,0,0,0,0,0,0,0,0,0,0
fuzzi,Contemporary,11,0,0,0,0,0,0,0,0,1,1,0,1,1,1,1,1,1,1,1
paige denim,Contemporary,11,0,0,0,0,0,0,0,0,1,1,1,1,1,0,0,0,0,0,0
xirena,Contemporary,11,0,0,0,0,0,0,0,0,1,1,1,1,0,0,1,1,1,1,0
elizabeth & james,Contemporary,11,0,0,0,0,0,0,0,0,1,0,0,0,0,0,0,0,0,0,0
longchamp,Contemporary,11,0,0,0,0,0,0,0,0,1,1,1,1,1,1,1,1,1,0,1
balenciaga,Luxury,11,0,0,0,0,0,0,0,0,1,1,1,1,1,1,1,1,1,1,1
altuzarra,Premium,11,0,0,0,0,0,0,0,0,1,1,1,1,1,1,1,1,1,1,1
tabitha simmons,Premium,11,0,0,0,0,0,0,0,0,1,1,1,1,1,1,0,0,0,0,0
acne,Contemporary,10,0,0,0,0,0,0,0,0,0,1,0,0,0,0,0,0,0,0,0
adam lippes,Contemporary,10,0,0,0,0,0,0,0,0,0,1,1,1,1,0,0,0,1,1,1
belstaff,Contemporary,10,0,0,0,0,0,0,0,0,0,1,1,1,1,0,0,1,0,0,0
talbot runhof,Contemporary,10,0,0,0,0,0,0,0,0,0,1,1,1,1,1,1,1,1,1,1
alexis,Contemporary,10,0,0,0,0,0,0,0,0,0,1,1,1,1,1,1,1,1,1,1
faith connexion,Contemporary,10,0,0,0,0,0,0,0,0,0,1,1,0,0,0,0,0,0,0,0
j brand,Contemporary,10,0,0,0,0,0,0,0,0,0,1,1,1,1,1,1,1,1,1,0
l'agence,Contemporary,10,0,0,0,0,0,0,0,0,0,1,1,1,0,0,1,1,1,1,1
versace collection,Contemporary,10,0,0,0,0,0,0,0,0,0,1,1,1,0,0,0,0,0,0,0
zac zac posen,Contemporary,10,0,0,0,0,0,0,0,0,0,1,1,1,1,1,1,1,0,0,0
joe's jeans,Contemporary,10,0,0,0,0,0,0,0,0,0,1,1,1,1,1,1,1,1,1,1
sophia webster,Contemporary,10,0,0,0,0,0,0,0,0,0,1,1,1,1,1,1,1,1,1,1
sophie hulme,Contemporary,10,0,0,0,0,0,0,0,0,0,1,1,1,1,1,0,0,0,0,0
saint laurent,Luxury,10,0,0,0,0,0,0,0,0,0,1,1,1,1,1,1,1,1,1,1
the row,Luxury,10,0,0,0,0,0,0,0,0,0,1,1,1,1,1,1,1,1,1,1
tom ford,Luxury,10,0,0,0,0,0,0,0,0,0,1,1,1,1,1,1,1,1,1,1
marni,Premium,10,0,0,0,0,0,0,0,0,0,1,1,1,1,1,1,1,1,1,1
burberry brit,Premium,10,0,0,0,0,0,0,0,0,0,1,1,0,0,0,0,0,0,0,0
aquazzura,Premium,10,0,0,0,0,0,0,0,0,0,1,1,1,1,1,1,1,1,1,1
gianvito rossi,Premium,10,0,0,0,0,0,0,0,0,0,1,1,1,1,1,1,1,1,1,1
paul andrew,Premium,10,0,0,0,0,0,0,0,0,0,1,1,1,0,0,0,0,0,0,0
acne studios,Contemporary,9,0,0,0,0,0,0,0,0,0,0,1,1,1,1,1,0,0,0,0
christian siriano,Contemporary,9,0,0,0,0,0,0,0,0,0,0,1,1,0,0,0,0,0,0,0
cushnie et ochs,Contemporary,9,0,0,0,0,0,0,0,0,0,0,1,1,1,1,1,0,0,0,0
fausto puglisi,Contemporary,9,0,0,0,0,0,0,0,0,0,0,1,1,0,0,0,0,0,0,0
jenny packham,Contemporary,9,0,0,0,0,0,0,0,0,0,0,1,1,1,1,1,1,1,1,1
l'wren scott,Contemporary,9,0,0,0,0,0,0,0,0,0,0,1,0,0,0,0,0,0,0,0
no. 21,Contemporary,9,0,0,0,0,0,0,0,0,0,0,1,0,0,1,1,1,1,0,0
rachel gilbert,Contemporary,9,0,0,0,0,0,0,0,0,0,0,1,1,1,1,1,0,0,0,0
tamara mellon,Contemporary,9,0,0,0,0,0,0,0,0,0,0,1,1,0,0,0,0,0,0,0
a.l.c.,Contemporary,9,0,0,0,0,0,0,0,0,0,0,1,1,1,1,1,1,1,1,1
canada goose,Contemporary,9,0,0,0,0,0,0,0,0,0,0,1,1,1,1,1,1,1,1,1
for love & lemons,Contemporary,9,0,0,0,0,0,0,0,0,0,0,1,1,1,0,0,0,0,0,0
iro,Contemporary,9,0,0,0,0,0,0,0,0,0,0,1,1,1,1,1,1,1,1,1
jonathan simkhai,Contemporary,9,0,0,0,0,0,0,0,0,0,0,1,1,1,1,1,1,1,1,1
opening ceremony,Contemporary,9,0,0,0,0,0,0,0,0,0,0,1,1,1,1,1,1,0,0,0
ted baker london,Contemporary,9,0,0,0,0,0,0,0,0,0,0,1,1,1,0,0,1,1,0,0
veronica beard,Contemporary,9,0,0,0,0,0,0,0,0,0,0,1,1,1,1,1,1,1,1,1
frame,Contemporary,9,0,0,0,0,0,0,0,0,0,0,1,1,0,1,1,1,1,1,1
aquatalia,Contemporary,9,0,0,0,0,0,0,0,0,0,0,1,1,1,0,1,1,1,1,1
costume national,Contemporary,9,0,0,0,0,0,0,0,0,0,0,1,1,0,0,0,0,0,0,0
elyse walker,Contemporary,9,0,0,0,0,0,0,0,0,0,0,1,0,0,0,0,0,0,0,0
givenchy,Luxury,9,0,0,0,0,0,0,0,0,0,0,1,1,1,1,1,1,1,1,1
kenzo,Luxury,9,0,0,0,0,0,0,0,0,0,0,1,1,1,1,1,1,1,1,1
ralph rucci,Luxury,9,0,0,0,0,0,0,0,0,0,0,1,0,0,0,0,0,0,0,0
loewe,Premium,9,0,0,0,0,0,0,0,0,0,0,1,1,1,1,1,1,1,1,1
amsale,Contemporary,8,0,0,0,0,0,0,0,0,0,0,0,1,0,0,0,0,0,0,0
derek lam 10 crosby,Contemporary,8,0,0,0,0,0,0,0,0,0,0,0,1,1,1,1,1,1,1,1
jovani,Contemporary,8,0,0,0,0,0,0,0,0,0,0,0,1,1,1,1,1,1,1,1
la petite robe di chiara boni,Contemporary,8,0,0,0,0,0,0,0,0,0,0,0,1,1,0,0,0,0,0,0
lamarque,Contemporary,8,0,0,0,0,0,0,0,0,0,0,0,1,0,0,1,1,1,1,1
loveshackfancy,Contemporary,8,0,0,0,0,0,0,0,0,0,0,0,1,1,1,1,1,1,1,1
marchesa notte,Contemporary,8,0,0,0,0,0,0,0,0,0,0,0,1,1,1,1,1,1,1,1
marco de vincenzo,Contemporary,8,0,0,0,0,0,0,0,0,0,0,0,1,0,0,0,0,0,0,0
mother of pearl,Contemporary,8,0,0,0,0,0,0,0,0,0,0,0,1,0,0,0,0,1,0,0
nicholas,Contemporary,8,0,0,0,0,0,0,0,0,0,0,0,1,1,1,0,0,0,0,0
ronny kobo,Contemporary,8,0,0,0,0,0,0,0,0,0,0,0,1,0,0,0,0,0,0,1
sass & bide,Contemporary,8,0,0,0,0,0,0,0,0,0,0,0,1,0,0,0,0,0,0,0
self portrait,Contemporary,8,0,0,0,0,0,0,0,0,0,0,0,1,1,1,1,1,1,0,0
zadig & voltaire,Contemporary,8,0,0,0,0,0,0,0,0,0,0,0,1,1,1,1,1,1,1,1
francesco russo,Contemporary,8,0,0,0,0,0,0,0,0,0,0,0,1,0,0,0,0,0,0,0
sjp by sarah jessica parker,Contemporary,8,0,0,0,0,0,0,0,0,0,0,0,1,1,1,1,1,1,1,1
anya hindmarch,Contemporary,8,0,0,0,0,0,0,0,0,0,0,0,1,1,1,0,0,0,0,0
boyy,Contemporary,8,0,0,0,0,0,0,0,0,0,0,0,1,0,0,0,0,0,0,0
mcm,Contemporary,8,0,0,0,0,0,0,0,0,0,0,0,1,1,1,0,1,1,0,1
smythson,Contemporary,8,0,0,0,0,0,0,0,0,0,0,0,1,1,1,0,0,0,0,0
victoria beckham,Luxury,8,0,0,0,0,0,0,0,0,0,0,0,1,1,1,1,1,1,1,1
zuhair murad,Luxury,8,0,0,0,0,0,0,0,0,0,0,0,1,1,1,1,1,1,0,1
roger vivier,Luxury,8,0,0,0,0,0,0,0,0,0,0,0,1,1,1,1,1,1,1,1
prabal gurung,Premium,8,0,0,0,0,0,0,0,0,0,0,0,1,1,1,0,0,0,0,0
maison margiela,Premium,8,0,0,0,0,0,0,0,0,0,0,0,1,1,1,1,1,0,1,1
pierre hardy,Premium,8,0,0,0,0,0,0,0,0,0,0,0,1,0,0,0,0,0,0,0
alo yoga,Contemporary,7,0,0,0,0,0,0,0,0,0,0,0,0,1,1,1,1,1,1,1
ba&sh;  ,Contemporary,7,0,0,0,0,0,0,0,0,0,0,0,0,1,0,0,0,0,0,0
badgley mischka couture  ,Contemporary,7,0,0,0,0,0,0,0,0,0,0,0,0,1,0,0,0,0,0,0
creatures of the wind,Contemporary,7,0,0,0,0,0,0,0,0,0,0,0,0,1,0,0,0,0,0,0
gorski,Contemporary,7,0,0,0,0,0,0,0,0,0,0,0,0,1,1,1,1,1,1,1
isabel marant etoile,Contemporary,7,0,0,0,0,0,0,0,0,0,0,0,0,1,0,1,1,1,0,0
jill jill stuart,Contemporary,7,0,0,0,0,0,0,0,0,0,0,0,0,1,1,1,1,0,0,0
kobi halperin,Contemporary,7,0,0,0,0,0,0,0,0,0,0,0,0,1,1,1,1,1,1,1
m.i.h jeans,Contemporary,7,0,0,0,0,0,0,0,0,0,0,0,0,1,1,1,0,0,0,0
michael kors collection,Contemporary,7,0,0,0,0,0,0,0,0,0,0,0,0,1,1,1,1,1,1,1
misa los angeles,Contemporary,7,0,0,0,0,0,0,0,0,0,0,0,0,1,1,1,1,1,1,1
mm6 maison margiela,Contemporary,7,0,0,0,0,0,0,0,0,0,0,0,0,1,0,0,0,0,1,1
monse,Contemporary,7,0,0,0,0,0,0,0,0,0,0,0,0,1,1,0,0,0,0,0
msgm,Contemporary,7,0,0,0,0,0,0,0,0,0,0,0,0,1,1,1,1,1,1,0
needle & thread  ,Contemporary,7,0,0,0,0,0,0,0,0,0,0,0,0,1,0,0,0,0,0,0
peserico,Contemporary,7,0,0,0,0,0,0,0,0,0,0,0,0,1,1,0,0,0,0,0
ph15,Contemporary,7,0,0,0,0,0,0,0,0,0,0,0,0,1,1,0,0,0,0,0
public school  ,Contemporary,7,0,0,0,0,0,0,0,0,0,0,0,0,1,0,0,0,0,0,0
solace london  ,Contemporary,7,0,0,0,0,0,0,0,0,0,0,0,0,1,0,0,0,0,0,0
suno,Contemporary,7,0,0,0,0,0,0,0,0,0,0,0,0,1,0,0,0,0,0,0
tanya taylor,Contemporary,7,0,0,0,0,0,0,0,0,0,0,0,0,1,1,1,1,1,1,1
the great,Contemporary,7,0,0,0,0,0,0,0,0,0,0,0,0,1,1,1,1,1,1,1
victoria victoria beckham  ,Contemporary,7,0,0,0,0,0,0,0,0,0,0,0,0,1,0,0,0,0,0,0
adidas  ,Contemporary,7,0,0,0,0,0,0,0,0,0,0,0,0,1,0,0,0,0,0,0
adidas by stella mccartney  ,Contemporary,7,0,0,0,0,0,0,0,0,0,0,0,0,1,0,0,0,0,0,0
common projects  ,Contemporary,7,0,0,0,0,0,0,0,0,0,0,0,0,1,0,0,0,0,0,0
fenty puma by rihanna,Contemporary,7,0,0,0,0,0,0,0,0,0,0,0,0,1,1,1,1,0,0,0
kendall + kylie  ,Contemporary,7,0,0,0,0,0,0,0,0,0,0,0,0,1,0,0,0,0,0,0
mm6 maison margiela  ,Contemporary,7,0,0,0,0,0,0,0,0,0,0,0,0,1,0,0,0,0,0,0
new balance  ,Contemporary,7,0,0,0,0,0,0,0,0,0,0,0,0,1,0,0,0,0,0,0
repetto,Contemporary,7,0,0,0,0,0,0,0,0,0,0,0,0,1,0,0,0,0,0,0
ugg,Contemporary,7,0,0,0,0,0,0,0,0,0,0,0,0,1,1,1,1,1,1,1
coach new york,Contemporary,7,0,0,0,0,0,0,0,0,0,0,0,0,1,1,0,0,0,0,0
coach 1941,Contemporary,7,0,0,0,0,0,0,0,0,0,0,0,0,1,1,0,0,0,0,0
les petits joueurs,Contemporary,7,0,0,0,0,0,0,0,0,0,0,0,0,1,1,1,1,0,0,0
liberty london,Contemporary,7,0,0,0,0,0,0,0,0,0,0,0,0,1,1,1,1,1,0,1
brandon maxwell,Premium,7,0,0,0,0,0,0,0,0,0,0,0,0,1,1,1,1,1,1,1
isabel marant,Premium,7,0,0,0,0,0,0,0,0,0,0,0,0,1,1,1,1,1,1,1
buscemi  ,Premium,7,0,0,0,0,0,0,0,0,0,0,0,0,1,0,0,0,0,0,0
a.w.a.k.e.,Contemporary,6,0,0,0,0,0,0,0,0,0,0,0,0,0,1,1,0,0,0,0
alexa chung,Contemporary,6,0,0,0,0,0,0,0,0,0,0,0,0,0,1,1,0,0,0,0
beyond yoga,Contemporary,6,0,0,0,0,0,0,0,0,0,0,0,0,0,1,1,1,1,1,1
blanc noir,Contemporary,6,0,0,0,0,0,0,0,0,0,0,0,0,0,1,1,1,1,1,1
calvin klein 205w39nyc,Contemporary,6,0,0,0,0,0,0,0,0,0,0,0,0,0,1,1,1,0,0,0
caroline constas,Contemporary,6,0,0,0,0,0,0,0,0,0,0,0,0,0,1,1,1,1,0,0
chiara boni la petite robe,Contemporary,6,0,0,0,0,0,0,0,0,0,0,0,0,0,1,1,1,1,1,1
cinq à sept,Contemporary,6,0,0,0,0,0,0,0,0,0,0,0,0,0,1,1,1,1,1,1
etoile isabel marant,Contemporary,6,0,0,0,0,0,0,0,0,0,0,0,0,0,1,0,0,0,1,0
fleurette,Contemporary,6,0,0,0,0,0,0,0,0,0,0,0,0,0,1,0,1,1,1,1
galvan,Contemporary,6,0,0,0,0,0,0,0,0,0,0,0,0,0,1,1,1,1,1,1
likely,Contemporary,6,0,0,0,0,0,0,0,0,0,0,0,0,0,1,1,1,1,1,1
needle & thread,Contemporary,6,0,0,0,0,0,0,0,0,0,0,0,0,0,1,1,1,0,0,0
nike,Contemporary,6,0,0,0,0,0,0,0,0,0,0,0,0,0,1,1,1,1,0,0
paige,Contemporary,6,0,0,0,0,0,0,0,0,0,0,0,0,0,1,1,1,1,1,1
palmer//harding,Contemporary,6,0,0,0,0,0,0,0,0,0,0,0,0,0,1,1,1,1,1,1
rejina pyo,Contemporary,6,0,0,0,0,0,0,0,0,0,0,0,0,0,1,1,1,0,0,0
rosetta getty,Contemporary,6,0,0,0,0,0,0,0,0,0,0,0,0,0,1,1,1,1,1,1
sachin & babi,Contemporary,6,0,0,0,0,0,0,0,0,0,0,0,0,0,1,1,1,1,1,1
saloni,Contemporary,6,0,0,0,0,0,0,0,0,0,0,0,0,0,1,1,1,1,1,1
simone rocha,Contemporary,6,0,0,0,0,0,0,0,0,0,0,0,0,0,1,1,1,1,0,0
solace london,Contemporary,6,0,0,0,0,0,0,0,0,0,0,0,0,0,1,1,1,1,0,0
the north face,Contemporary,6,0,0,0,0,0,0,0,0,0,0,0,0,0,1,1,1,1,1,1
under armour,Contemporary,6,0,0,0,0,0,0,0,0,0,0,0,0,0,1,1,1,1,0,0
victoria victoria beckham,Contemporary,6,0,0,0,0,0,0,0,0,0,0,0,0,0,1,1,1,1,1,0
adidas,Contemporary,6,0,0,0,0,0,0,0,0,0,0,0,0,0,1,1,1,1,1,1
common projects,Contemporary,6,0,0,0,0,0,0,0,0,0,0,0,0,0,1,1,1,0,0,0
mansur gavriel,Contemporary,6,0,0,0,0,0,0,0,0,0,0,0,0,0,1,1,1,1,0,1
sanayi313,Contemporary,6,0,0,0,0,0,0,0,0,0,0,0,0,0,1,0,0,0,0,0
attico,Contemporary,6,0,0,0,0,0,0,0,0,0,0,0,0,0,1,1,1,1,1,1
boutique moschino,Luxury,6,0,0,0,0,0,0,0,0,0,0,0,0,0,1,1,0,0,0,0
theirry mugler,Luxury,6,0,0,0,0,0,0,0,0,0,0,0,0,0,1,0,0,0,0,0
valentino garavani,Luxury,6,0,0,0,0,0,0,0,0,0,0,0,0,0,1,1,1,1,1,1
chanel,Luxury,6,0,0,0,0,0,0,0,0,0,0,0,0,0,1,1,1,1,1,1
brock collection,Premium,6,0,0,0,0,0,0,0,0,0,0,0,0,0,1,1,1,1,1,0
delpozo,Premium,6,0,0,0,0,0,0,0,0,0,0,0,0,0,1,0,0,0,0,0
dries van noten,Premium,6,0,0,0,0,0,0,0,0,0,0,0,0,0,1,1,1,1,1,1
johanna ortiz,Premium,6,0,0,0,0,0,0,0,0,0,0,0,0,0,1,1,1,1,1,1
olympia le-tan,Premium,6,0,0,0,0,0,0,0,0,0,0,0,0,0,1,0,1,1,0,1
paco rabanne,Premium,6,0,0,0,0,0,0,0,0,0,0,0,0,0,1,0,1,1,0,1
alanui,Contemporary,5,0,0,0,0,0,0,0,0,0,0,0,0,0,0,1,1,0,0,0
barbour,Contemporary,5,0,0,0,0,0,0,0,0,0,0,0,0,0,0,1,1,1,0,0
carbon 38,Contemporary,5,0,0,0,0,0,0,0,0,0,0,0,0,0,0,1,0,0,0,0
cupcakes and cashmere,Contemporary,5,0,0,0,0,0,0,0,0,0,0,0,0,0,0,1,1,0,0,0
emporio armani,Contemporary,5,0,0,0,0,0,0,0,0,0,0,0,0,0,0,1,1,1,1,1
fame and partners,Contemporary,5,0,0,0,0,0,0,0,0,0,0,0,0,0,0,1,1,0,0,0
giada forte,Contemporary,5,0,0,0,0,0,0,0,0,0,0,0,0,0,0,1,0,0,0,0
herno,Contemporary,5,0,0,0,0,0,0,0,0,0,0,0,0,0,0,1,1,1,1,1
levi's,Contemporary,5,0,0,0,0,0,0,0,0,0,0,0,0,0,0,1,1,0,0,0
moose knuckles,Contemporary,5,0,0,0,0,0,0,0,0,0,0,0,0,0,0,1,1,1,1,1
mother,Contemporary,5,0,0,0,0,0,0,0,0,0,0,0,0,0,0,1,1,1,1,1
nbd,Contemporary,5,0,0,0,0,0,0,0,0,0,0,0,0,0,0,1,0,0,0,0
rta,Contemporary,5,0,0,0,0,0,0,0,0,0,0,0,0,0,0,1,1,1,1,0
saylor,Contemporary,5,0,0,0,0,0,0,0,0,0,0,0,0,0,0,1,1,0,0,0
tularosa,Contemporary,5,0,0,0,0,0,0,0,0,0,0,0,0,0,0,1,0,0,0,0
vita kin,Contemporary,5,0,0,0,0,0,0,0,0,0,0,0,0,0,0,1,1,0,0,0
coach,Contemporary,5,0,0,0,0,0,0,0,0,0,0,0,0,0,0,1,1,1,0,1
p448,Contemporary,5,0,0,0,0,0,0,0,0,0,0,0,0,0,0,1,1,1,1,0
hayward,Contemporary,5,0,0,0,0,0,0,0,0,0,0,0,0,0,0,1,1,1,0,0
gabriela hearst,Luxury,5,0,0,0,0,0,0,0,0,0,0,0,0,0,0,1,1,1,1,1
mr. & mrs. italy,Luxury,5,0,0,0,0,0,0,0,0,0,0,0,0,0,0,1,0,0,0,0
alaia ,Luxury,5,0,0,0,0,0,0,0,0,0,0,0,0,0,0,1,0,0,0,0
off-white,Premium,5,0,0,0,0,0,0,0,0,0,0,0,0,0,0,1,1,1,1,1
adrienne landau,Contemporary,4,0,0,0,0,0,0,0,0,0,0,0,0,0,0,0,1,0,0,0
agolde,Contemporary,4,0,0,0,0,0,0,0,0,0,0,0,0,0,0,0,1,1,1,1
all things mochi,Contemporary,4,0,0,0,0,0,0,0,0,0,0,0,0,0,0,0,1,0,0,0
cynthia rowley,Contemporary,4,0,0,0,0,0,0,0,0,0,0,0,0,0,0,0,1,1,1,1
dodo bar or,Contemporary,4,0,0,0,0,0,0,0,0,0,0,0,0,0,0,0,1,0,0,0
double j,Contemporary,4,0,0,0,0,0,0,0,0,0,0,0,0,0,0,0,1,1,0,0
faithfull the brand,Contemporary,4,0,0,0,0,0,0,0,0,0,0,0,0,0,0,0,1,1,0,0
harris wharf london,Contemporary,4,0,0,0,0,0,0,0,0,0,0,0,0,0,0,0,1,1,0,0
lingua franca,Contemporary,4,0,0,0,0,0,0,0,0,0,0,0,0,0,0,0,1,1,0,0
pinko,Contemporary,4,0,0,0,0,0,0,0,0,0,0,0,0,0,0,0,1,1,0,1
re/done,Contemporary,4,0,0,0,0,0,0,0,0,0,0,0,0,0,0,0,1,1,1,1
rhode,Contemporary,4,0,0,0,0,0,0,0,0,0,0,0,0,0,0,0,1,1,1,1
shona joy,Contemporary,4,0,0,0,0,0,0,0,0,0,0,0,0,0,0,0,1,0,0,0
stine goya,Contemporary,4,0,0,0,0,0,0,0,0,0,0,0,0,0,0,0,1,1,1,1
the attico,Contemporary,4,0,0,0,0,0,0,0,0,0,0,0,0,0,0,0,1,0,0,1
lucchese,Contemporary,4,0,0,0,0,0,0,0,0,0,0,0,0,0,0,0,1,1,0,0
malone souliers,Contemporary,4,0,0,0,0,0,0,0,0,0,0,0,0,0,0,0,1,1,1,1
eugenia kim,Contemporary,4,0,0,0,0,0,0,0,0,0,0,0,0,0,0,0,1,1,0,0
sensi studio,Contemporary,4,0,0,0,0,0,0,0,0,0,0,0,0,0,0,0,1,1,0,0
the volon,Contemporary,4,0,0,0,0,0,0,0,0,0,0,0,0,0,0,0,1,0,0,0
yuzefi,Contemporary,4,0,0,0,0,0,0,0,0,0,0,0,0,0,0,0,1,1,0,1
louis vuitton,Luxury,4,0,0,0,0,0,0,0,0,0,0,0,0,0,0,0,1,1,1,1
giorgio armani  ,Luxury,4,0,0,0,0,0,0,0,0,0,0,0,0,0,0,0,1,0,0,0
f.r.s for restless sleepers,Premium,4,0,0,0,0,0,0,0,0,0,0,0,0,0,0,0,1,0,0,0
rosantica,Premium,4,0,0,0,0,0,0,0,0,0,0,0,0,0,0,0,1,1,0,0
valextra,Premium,4,0,0,0,0,0,0,0,0,0,0,0,0,0,0,0,1,1,0,1
ba&sh,Contemporary,3,0,0,0,0,0,0,0,0,0,0,0,0,0,0,0,0,1,0,1
farm rio,Contemporary,3,0,0,0,0,0,0,0,0,0,0,0,0,0,0,0,0,1,1,1
grlfrnd,Contemporary,3,0,0,0,0,0,0,0,0,0,0,0,0,0,0,0,0,1,0,0
palm angels,Contemporary,3,0,0,0,0,0,0,0,0,0,0,0,0,0,0,0,0,1,1,1
perfect moment,Contemporary,3,0,0,0,0,0,0,0,0,0,0,0,0,0,0,0,0,1,0,1
proenza schouler white label,Contemporary,3,0,0,0,0,0,0,0,0,0,0,0,0,0,0,0,0,1,1,1
safiyaa,Contemporary,3,0,0,0,0,0,0,0,0,0,0,0,0,0,0,0,0,1,1,1
sies marjan,Contemporary,3,0,0,0,0,0,0,0,0,0,0,0,0,0,0,0,0,1,1,0
staud,Contemporary,3,0,0,0,0,0,0,0,0,0,0,0,0,0,0,0,0,1,1,1
by far,Contemporary,3,0,0,0,0,0,0,0,0,0,0,0,0,0,0,0,0,1,1,1
paris texas,Contemporary,3,0,0,0,0,0,0,0,0,0,0,0,0,0,0,0,0,1,1,0
veja,Contemporary,3,0,0,0,0,0,0,0,0,0,0,0,0,0,0,0,0,1,1,1
wandler,Contemporary,3,0,0,0,0,0,0,0,0,0,0,0,0,0,0,0,0,1,1,1
hunting season,Contemporary,3,0,0,0,0,0,0,0,0,0,0,0,0,0,0,0,0,1,0,0
khaite,Luxury,3,0,0,0,0,0,0,0,0,0,0,0,0,0,0,0,0,1,1,1
alex perry,Premium,3,0,0,0,0,0,0,0,0,0,0,0,0,0,0,0,0,1,1,1
alexandre vauthier,Premium,3,0,0,0,0,0,0,0,0,0,0,0,0,0,0,0,0,1,1,1
area,Premium,3,0,0,0,0,0,0,0,0,0,0,0,0,0,0,0,0,1,0,1
huishan zhang,Premium,3,0,0,0,0,0,0,0,0,0,0,0,0,0,0,0,0,1,1,1
jason wu collection,Premium,3,0,0,0,0,0,0,0,0,0,0,0,0,0,0,0,0,1,1,1
amina muaddi,Premium,3,0,0,0,0,0,0,0,0,0,0,0,0,0,0,0,0,1,1,1
agent provocateur,Contemporary,2,0,0,0,0,0,0,0,0,0,0,0,0,0,0,0,0,0,1,1
ganni,Contemporary,2,0,0,0,0,0,0,0,0,0,0,0,0,0,0,0,0,0,1,1
max mara,Contemporary,2,0,0,0,0,0,0,0,0,0,0,0,0,0,0,0,0,0,1,1
nanushka,Contemporary,2,0,0,0,0,0,0,0,0,0,0,0,0,0,0,0,0,0,1,1
rococo sand,Contemporary,2,0,0,0,0,0,0,0,0,0,0,0,0,0,0,0,0,0,1,1
silvia tcherassi,Contemporary,2,0,0,0,0,0,0,0,0,0,0,0,0,0,0,0,0,0,1,1
ulla johnson,Contemporary,2,0,0,0,0,0,0,0,0,0,0,0,0,0,0,0,0,0,1,1
versace jeans couture,Contemporary,2,0,0,0,0,0,0,0,0,0,0,0,0,0,0,0,0,0,1,1
yves salomon,Contemporary,2,0,0,0,0,0,0,0,0,0,0,0,0,0,0,0,0,0,1,1
zhivago,Contemporary,2,0,0,0,0,0,0,0,0,0,0,0,0,0,0,0,0,0,1,1
birkenstock,Contemporary,2,0,0,0,0,0,0,0,0,0,0,0,0,0,0,0,0,0,1,1
cult gaia,Contemporary,2,0,0,0,0,0,0,0,0,0,0,0,0,0,0,0,0,0,1,1
inuikii,Contemporary,2,0,0,0,0,0,0,0,0,0,0,0,0,0,0,0,0,0,1,1
manu atelier,Contemporary,2,0,0,0,0,0,0,0,0,0,0,0,0,0,0,0,0,0,1,1
ambush,Premium,2,0,0,0,0,0,0,0,0,0,0,0,0,0,0,0,0,0,1,0
jw anderson,Premium,2,0,0,0,0,0,0,0,0,0,0,0,0,0,0,0,0,0,1,1
maticevski,Premium,2,0,0,0,0,0,0,0,0,0,0,0,0,0,0,0,0,0,1,1
rasario,Premium,2,0,0,0,0,0,0,0,0,0,0,0,0,0,0,0,0,0,1,1
rodarte,Premium,2,0,0,0,0,0,0,0,0,0,0,0,0,0,0,0,0,0,1,1
bally,Premium,2,0,0,0,0,0,0,0,0,0,0,0,0,0,0,0,0,0,1,1
a.p.c.,Contemporary,1,0,0,0,0,0,0,0,0,0,0,0,0,0,0,0,0,0,0,1
alessandra rich,Contemporary,1,0,0,0,0,0,0,0,0,0,0,0,0,0,0,0,0,0,0,1
amur,Contemporary,1,0,0,0,0,0,0,0,0,0,0,0,0,0,0,0,0,0,0,1
apparis,Contemporary,1,0,0,0,0,0,0,0,0,0,0,0,0,0,0,0,0,0,0,1
dawn levy,Contemporary,1,0,0,0,0,0,0,0,0,0,0,0,0,0,0,0,0,0,0,1
pajar,Contemporary,1,0,0,0,0,0,0,0,0,0,0,0,0,0,0,0,0,0,0,1
patbo,Contemporary,1,0,0,0,0,0,0,0,0,0,0,0,0,0,0,0,0,0,0,1
rachel comey,Contemporary,1,0,0,0,0,0,0,0,0,0,0,0,0,0,0,0,0,0,0,1
rhude,Contemporary,1,0,0,0,0,0,0,0,0,0,0,0,0,0,0,0,0,0,0,1
sabina musayev,Contemporary,1,0,0,0,0,0,0,0,0,0,0,0,0,0,0,0,0,0,0,1
sea,Contemporary,1,0,0,0,0,0,0,0,0,0,0,0,0,0,0,0,0,0,0,1
sleeper,Contemporary,1,0,0,0,0,0,0,0,0,0,0,0,0,0,0,0,0,0,0,1
soia & kyo,Contemporary,1,0,0,0,0,0,0,0,0,0,0,0,0,0,0,0,0,0,0,1
sprwmn,Contemporary,1,0,0,0,0,0,0,0,0,0,0,0,0,0,0,0,0,0,0,1
stand studio,Contemporary,1,0,0,0,0,0,0,0,0,0,0,0,0,0,0,0,0,0,0,1
toteme,Contemporary,1,0,0,0,0,0,0,0,0,0,0,0,0,0,0,0,0,0,0,1
bruno magli,Contemporary,1,0,0,0,0,0,0,0,0,0,0,0,0,0,0,0,0,0,0,1
mz wallace,Contemporary,1,0,0,0,0,0,0,0,0,0,0,0,0,0,0,0,0,0,0,1
senreve,Contemporary,1,0,0,0,0,0,0,0,0,0,0,0,0,0,0,0,0,0,0,1
strathberry,Contemporary,1,0,0,0,0,0,0,0,0,0,0,0,0,0,0,0,0,0,0,1
amiri,Premium,1,0,0,0,0,0,0,0,0,0,0,0,0,0,0,0,0,0,0,1
jacquemus,Premium,1,0,0,0,0,0,0,0,0,0,0,0,0,0,0,0,0,0,0,1
rosie assoulin,Premium,1,0,0,0,0,0,0,0,0,0,0,0,0,0,0,0,0,0,0,1
mark cross,Premium,1,0,0,0,0,0,0,0,0,0,0,0,0,0,0,0,0,0,0,1